rundate,this_period,last_period,group_name,airport_1_name,airport_2_name,total_pax_this_period,total_pax_scheduled_this_period,total_pax_charter_this_period,total_pax_last_period,total_pax_scheduled_last_period,total_pax_charter_last_period,total_pax_percent
23/12/2016 09:40,201610,201510,Other Reporting Airports,ABERDEEN,BELFAST CITY (GEORGE BEST),3740,3740,0,3245,3245,0,15.25424
23/12/2016 09:40,201610,201510,Other Reporting Airports,ABERDEEN,BIRMINGHAM,11866,11866,0,10508,10508,0,12.92349
23/12/2016 09:40,201610,201510,Other Reporting Airports,ABERDEEN,BRISTOL,1935,1935,0,2285,2285,0,-15.31729
23/12/2016 09:40,201610,201510,Other Reporting Airports,ABERDEEN,CARDIFF WALES,564,564,0,946,946,0,-40.38055
23/12/2016 09:40,201610,201510,Other Reporting Airports,ABERDEEN,DONCASTER SHEFFIELD,0,0,0,98,0,98,-100
23/12/2016 09:40,201610,201510,Other Reporting Airports,ABERDEEN,DURHAM TEES VALLEY,1399,1399,0,2217,2217,0,-36.89671
23/12/2016 09:40,201610,201510,Other Reporting Airports,ABERDEEN,EAST MIDLANDS INTERNATIONAL,548,548,0,1345,1345,0,-59.25651
23/12/2016 09:40,201610,201510,Other Reporting Airports,ABERDEEN,GATWICK,15198,15198,0,15598,15598,0,-2.56443
23/12/2016 09:40,201610,201510,Other Reporting Airports,ABERDEEN,HEATHROW,55398,55398,0,60116,60116,0,-7.84816
23/12/2016 09:40,201610,201510,Other Reporting Airports,ABERDEEN,HUMBERSIDE,1889,1889,0,2487,2487,0,-24.04503
23/12/2016 09:40,201610,201510,Other Reporting Airports,ABERDEEN,KIRKWALL,4074,4074,0,3717,3717,0,9.60452
23/12/2016 09:40,201610,201510,Other Reporting Airports,ABERDEEN,LEEDS BRADFORD,315,315,0,724,724,0,-56.49171
23/12/2016 09:40,201610,201510,Other Reporting Airports,ABERDEEN,LONDON CITY,4744,4744,0,7666,7666,0,-38.11636
23/12/2016 09:40,201610,201510,Other Reporting Airports,ABERDEEN,LUTON,7863,7863,0,6974,6940,34,12.74735
23/12/2016 09:40,201610,201510,Other Reporting Airports,ABERDEEN,MANCHESTER,17756,17756,0,17931,17733,198,-0.97596
23/12/2016 09:40,201610,201510,Other Reporting Airports,ABERDEEN,NEWCASTLE,981,981,0,1432,1432,0,-31.49441
23/12/2016 09:40,201610,201510,Other Reporting Airports,ABERDEEN,NORWICH,3500,3500,0,4044,4044,0,-13.45203
23/12/2016 09:40,201610,201510,Other Reporting Airports,ABERDEEN,SCATSTA,7319,190,7129,9310,0,9310,-21.38561
23/12/2016 09:40,201610,201510,Other Reporting Airports,ABERDEEN,SOUTHAMPTON,652,652,0,1062,1062,0,-38.6064
23/12/2016 09:40,201610,201510,Other Reporting Airports,ABERDEEN,STORNOWAY,425,425,0,417,417,0,1.91847
23/12/2016 09:40,201610,201510,Other Reporting Airports,ABERDEEN,SUMBURGH,11896,10810,1086,15803,7248,8555,-24.72315
23/12/2016 09:40,201610,201510,Other Reporting Airports,ABERDEEN,WICK JOHN O GROATS,548,538,10,876,876,0,-37.44292
23/12/2016 09:40,201610,201510,Other Reporting Airports,ALDERNEY,GUERNSEY,3009,3009,0,3008,3008,0,0.03324
23/12/2016 09:40,201610,201510,Other Reporting Airports,ALDERNEY,SOUTHAMPTON,1875,1875,0,1830,1830,0,2.45902
23/12/2016 09:40,201610,201510,Other Reporting Airports,BARRA,GLASGOW,1173,1173,0,801,801,0,46.44195
23/12/2016 09:40,201610,201510,Other Reporting Airports,BELFAST CITY (GEORGE BEST),ABERDEEN,3708,3708,0,3180,3180,0,16.60377
23/12/2016 09:40,201610,201510,Other Reporting Airports,BELFAST CITY (GEORGE BEST),BIRMINGHAM,22716,22716,0,21667,21395,272,4.84146
23/12/2016 09:40,201610,201510,Other Reporting Airports,BELFAST CITY (GEORGE BEST),BLACKPOOL,0,0,0,760,760,0,-100
23/12/2016 09:40,201610,201510,Other Reporting Airports,BELFAST CITY (GEORGE BEST),CARDIFF WALES,3897,3897,0,3773,3773,0,3.28651
23/12/2016 09:40,201610,201510,Other Reporting Airports,BELFAST CITY (GEORGE BEST),EAST MIDLANDS INTERNATIONAL,13397,13397,0,12581,12581,0,6.48597
23/12/2016 09:40,201610,201510,Other Reporting Airports,BELFAST CITY (GEORGE BEST),EDINBURGH,14492,14492,0,12452,12452,0,16.38291
23/12/2016 09:40,201610,201510,Other Reporting Airports,BELFAST CITY (GEORGE BEST),EXETER,2929,2929,0,2869,2869,0,2.09132
23/12/2016 09:40,201610,201510,Other Reporting Airports,BELFAST CITY (GEORGE BEST),GATWICK,0,0,0,18583,18583,0,-100
23/12/2016 09:40,201610,201510,Other Reporting Airports,BELFAST CITY (GEORGE BEST),GLASGOW,14207,14207,0,13650,13650,0,4.08059
23/12/2016 09:40,201610,201510,Other Reporting Airports,BELFAST CITY (GEORGE BEST),HEATHROW,60567,60567,0,61692,61581,111,-1.82358
23/12/2016 09:40,201610,201510,Other Reporting Airports,BELFAST CITY (GEORGE BEST),INVERNESS,2721,2721,0,2592,2592,0,4.97685
23/12/2016 09:40,201610,201510,Other Reporting Airports,BELFAST CITY (GEORGE BEST),ISLE OF MAN,2206,2206,0,1081,1081,0,104.07031
23/12/2016 09:40,201610,201510,Other Reporting Airports,BELFAST CITY (GEORGE BEST),LEEDS BRADFORD,13332,13332,0,12844,12844,0,3.79944
23/12/2016 09:40,201610,201510,Other Reporting Airports,BELFAST CITY (GEORGE BEST),LIVERPOOL (JOHN LENNON),6044,6044,0,8264,8264,0,-26.8635
23/12/2016 09:40,201610,201510,Other Reporting Airports,BELFAST CITY (GEORGE BEST),LONDON CITY,10021,10021,0,10527,10527,0,-4.80669
23/12/2016 09:40,201610,201510,Other Reporting Airports,BELFAST CITY (GEORGE BEST),MANCHESTER,24768,24768,0,23118,23118,0,7.1373
23/12/2016 09:40,201610,201510,Other Reporting Airports,BELFAST CITY (GEORGE BEST),NEWCASTLE,0,0,0,2186,2186,0,-100
23/12/2016 09:40,201610,201510,Other Reporting Airports,BELFAST CITY (GEORGE BEST),SOUTHAMPTON,9860,9860,0,9738,9738,0,1.25282
23/12/2016 09:40,201610,201510,Other Reporting Airports,BELFAST INTERNATIONAL,BIRMINGHAM,20475,20475,0,19328,19328,0,5.9344
23/12/2016 09:40,201610,201510,Other Reporting Airports,BELFAST INTERNATIONAL,BRISTOL,20849,20849,0,21804,21804,0,-4.37993
23/12/2016 09:40,201610,201510,Other Reporting Airports,BELFAST INTERNATIONAL,CARDIFF WALES,39,0,39,0,0,0,0
23/12/2016 09:40,201610,201510,Other Reporting Airports,BELFAST INTERNATIONAL,EDINBURGH,24315,24315,0,24109,24020,89,0.85445
23/12/2016 09:40,201610,201510,Other Reporting Airports,BELFAST INTERNATIONAL,GATWICK,81013,81013,0,44285,44285,0,82.93553
23/12/2016 09:40,201610,201510,Other Reporting Airports,BELFAST INTERNATIONAL,GLASGOW,25544,25544,0,24426,24426,0,4.57709
23/12/2016 09:40,201610,201510,Other Reporting Airports,BELFAST INTERNATIONAL,JERSEY,2213,2213,0,1036,1036,0,113.61004
23/12/2016 09:40,201610,201510,Other Reporting Airports,BELFAST INTERNATIONAL,LIVERPOOL (JOHN LENNON),41032,41032,0,38870,38870,0,5.56213
23/12/2016 09:40,201610,201510,Other Reporting Airports,BELFAST INTERNATIONAL,LUTON,26040,25998,42,27819,27819,0,-6.39491
23/12/2016 09:40,201610,201510,Other Reporting Airports,BELFAST INTERNATIONAL,MANCHESTER,21457,21457,0,20564,20564,0,4.34254
23/12/2016 09:40,201610,201510,Other Reporting Airports,BELFAST INTERNATIONAL,NEWCASTLE,20572,20572,0,19217,19217,0,7.05105
23/12/2016 09:40,201610,201510,Other Reporting Airports,BELFAST INTERNATIONAL,STANSTED,30170,30170,0,30534,30534,0,-1.19211
23/12/2016 09:40,201610,201510,Other Reporting Airports,BENBECULA,GLASGOW,2389,2389,0,2063,2063,0,15.80223
23/12/2016 09:40,201610,201510,Other Reporting Airports,BENBECULA,STORNOWAY,679,679,0,717,717,0,-5.29986
23/12/2016 09:40,201610,201510,Other Reporting Airports,BIRMINGHAM,ABERDEEN,11800,11800,0,10398,10398,0,13.48336
23/12/2016 09:40,201610,201510,Other Reporting Airports,BIRMINGHAM,BELFAST CITY (GEORGE BEST),22738,22738,0,21647,21375,272,5.03996
23/12/2016 09:40,201610,201510,Other Reporting Airports,BIRMINGHAM,BELFAST INTERNATIONAL,20334,20334,0,19191,19191,0,5.95592
23/12/2016 09:40,201610,201510,Other Reporting Airports,BIRMINGHAM,EDINBURGH,22219,22219,0,24086,23819,267,-7.75139
23/12/2016 09:40,201610,201510,Other Reporting Airports,BIRMINGHAM,GATWICK,0,0,0,147,0,147,-100
23/12/2016 09:40,201610,201510,Other Reporting Airports,BIRMINGHAM,GLASGOW,20169,20079,90,20157,20087,70,0.05953
23/12/2016 09:40,201610,201510,Other Reporting Airports,BIRMINGHAM,GUERNSEY,2460,2460,0,3097,3097,0,-20.56829
23/12/2016 09:40,201610,201510,Other Reporting Airports,BIRMINGHAM,INVERNESS,3699,3699,0,3843,3843,0,-3.74707
23/12/2016 09:40,201610,201510,Other Reporting Airports,BIRMINGHAM,ISLE OF MAN,3518,3518,0,3264,3264,0,7.78186
23/12/2016 09:40,201610,201510,Other Reporting Airports,BIRMINGHAM,JERSEY,6239,6239,0,4603,4603,0,35.54204
23/12/2016 09:40,201610,201510,Other Reporting Airports,BIRMINGHAM,LIVERPOOL (JOHN LENNON),71,71,0,0,0,0,0
23/12/2016 09:40,201610,201510,Other Reporting Airports,BIRMINGHAM,MANCHESTER,34,34,0,0,0,0,0
23/12/2016 09:40,201610,201510,Other Reporting Airports,BIRMINGHAM,NEWCASTLE,0,0,0,754,754,0,-100
23/12/2016 09:40,201610,201510,Other Reporting Airports,BIRMINGHAM,NEWQUAY,3120,3120,0,2309,2309,0,35.12343
23/12/2016 09:40,201610,201510,Other Reporting Airports,BIRMINGHAM,STANSTED,0,0,0,255,0,255,-100
23/12/2016 09:40,201610,201510,Other Reporting Airports,BLACKPOOL,ISLE OF MAN,1411,1411,0,988,988,0,42.81377
23/12/2016 09:40,201610,201510,Other Reporting Airports,BOURNEMOUTH,ABERDEEN,35,35,0,0,0,0,0
23/12/2016 09:40,201610,201510,Other Reporting Airports,BOURNEMOUTH,DURHAM TEES VALLEY,80,0,80,0,0,0,0
23/12/2016 09:40,201610,201510,Other Reporting Airports,BOURNEMOUTH,GLASGOW,0,0,0,3715,3715,0,-100
23/12/2016 09:40,201610,201510,Other Reporting Airports,BOURNEMOUTH,HUMBERSIDE,69,0,69,0,0,0,0
23/12/2016 09:40,201610,201510,Other Reporting Airports,BOURNEMOUTH,JERSEY,0,0,0,2316,2316,0,-100
23/12/2016 09:40,201610,201510,Other Reporting Airports,BOURNEMOUTH,LIVERPOOL (JOHN LENNON),0,0,0,72,0,72,-100
23/12/2016 09:40,201610,201510,Other Reporting Airports,BOURNEMOUTH,MANCHESTER,0,0,0,4214,4148,66,-100
23/12/2016 09:40,201610,201510,Other Reporting Airports,BOURNEMOUTH,STANSTED,83,0,83,242,0,242,-65.70248
23/12/2016 09:40,201610,201510,Other Reporting Airports,BRISTOL,ABERDEEN,1870,1870,0,2284,2284,0,-18.12609
23/12/2016 09:40,201610,201510,Other Reporting Airports,BRISTOL,BELFAST INTERNATIONAL,20689,20689,0,21791,21791,0,-5.05713
23/12/2016 09:40,201610,201510,Other Reporting Airports,BRISTOL,BIRMINGHAM,177,177,0,0,0,0,0
23/12/2016 09:40,201610,201510,Other Reporting Airports,BRISTOL,CARDIFF WALES,433,433,0,0,0,0,0
23/12/2016 09:40,201610,201510,Other Reporting Airports,BRISTOL,EAST MIDLANDS INTERNATIONAL,2,2,0,0,0,0,0
23/12/2016 09:40,201610,201510,Other Reporting Airports,BRISTOL,EDINBURGH,32189,32189,0,31199,31199,0,3.17318
23/12/2016 09:40,201610,201510,Other Reporting Airports,BRISTOL,GLASGOW,24765,24765,0,24598,24598,0,0.67892
23/12/2016 09:40,201610,201510,Other Reporting Airports,BRISTOL,GUERNSEY,2283,2283,0,1983,1983,0,15.12859
23/12/2016 09:40,201610,201510,Other Reporting Airports,BRISTOL,HAWARDEN,265,11,254,402,0,402,-34.0796
23/12/2016 09:40,201610,201510,Other Reporting Airports,BRISTOL,INVERNESS,9151,9151,0,6634,6634,0,37.94091
23/12/2016 09:40,201610,201510,Other Reporting Airports,BRISTOL,ISLE OF MAN,2297,2297,0,2456,2456,0,-6.47394
23/12/2016 09:40,201610,201510,Other Reporting Airports,BRISTOL,JERSEY,2709,2709,0,2992,2992,0,-9.45856
23/12/2016 09:40,201610,201510,Other Reporting Airports,BRISTOL,MANCHESTER,158,158,0,0,0,0,0
23/12/2016 09:40,201610,201510,Other Reporting Airports,BRISTOL,NEWCASTLE,14111,14111,0,15221,15221,0,-7.29256
23/12/2016 09:40,201610,201510,Other Reporting Airports,BRISTOL,NORWICH,33,33,0,0,0,0,0
23/12/2016 09:40,201610,201510,Other Reporting Airports,BRISTOL,SOUTHEND,4,4,0,0,0,0,0
23/12/2016 09:40,201610,201510,Other Reporting Airports,CAMPBELTOWN,GLASGOW,795,795,0,766,766,0,3.7859
23/12/2016 09:40,201610,201510,Other Reporting Airports,CARDIFF WALES,ABERDEEN,64,64,0,75,75,0,-14.66667
23/12/2016 09:40,201610,201510,Other Reporting Airports,CARDIFF WALES,ANGLESEY (VALLEY),790,790,0,1019,1019,0,-22.47301
23/12/2016 09:40,201610,201510,Other Reporting Airports,CARDIFF WALES,BELFAST CITY (GEORGE BEST),3990,3990,0,3707,3707,0,7.63421
23/12/2016 09:40,201610,201510,Other Reporting Airports,CARDIFF WALES,BELFAST INTERNATIONAL,39,0,39,0,0,0,0
23/12/2016 09:40,201610,201510,Other Reporting Airports,CARDIFF WALES,DONCASTER SHEFFIELD,118,0,118,0,0,0,0
23/12/2016 09:40,201610,201510,Other Reporting Airports,CARDIFF WALES,DURHAM TEES VALLEY,0,0,0,49,0,49,-100
23/12/2016 09:40,201610,201510,Other Reporting Airports,CARDIFF WALES,EDINBURGH,8323,8323,0,8219,8219,0,1.26536
23/12/2016 09:40,201610,201510,Other Reporting Airports,CARDIFF WALES,GLASGOW,3407,3407,0,2558,2517,41,33.18999
23/12/2016 09:40,201610,201510,Other Reporting Airports,CARDIFF WALES,INVERNESS,120,120,0,0,0,0,0
23/12/2016 09:40,201610,201510,Other Reporting Airports,CARDIFF WALES,JERSEY,1526,1526,0,772,772,0,97.66839
23/12/2016 09:40,201610,201510,Other Reporting Airports,CARDIFF WALES,LIVERPOOL (JOHN LENNON),40,0,40,0,0,0,0
23/12/2016 09:40,201610,201510,Other Reporting Airports,CARDIFF WALES,LONDON CITY,3962,3962,0,0,0,0,0
23/12/2016 09:40,201610,201510,Other Reporting Airports,CARDIFF WALES,LUTON,81,0,81,78,0,78,3.84615
23/12/2016 09:40,201610,201510,Other Reporting Airports,CARDIFF WALES,NEWCASTLE,1226,1226,0,1298,1246,52,-5.547
23/12/2016 09:40,201610,201510,Other Reporting Airports,CARDIFF WALES,STANSTED,0,0,0,146,0,146,-100
23/12/2016 09:40,201610,201510,Other Reporting Airports,CITY OF DERRY (EGLINTON),GLASGOW,7037,7037,0,6797,6797,0,3.53097
23/12/2016 09:40,201610,201510,Other Reporting Airports,CITY OF DERRY (EGLINTON),LIVERPOOL (JOHN LENNON),7408,7408,0,6295,6295,0,17.6807
23/12/2016 09:40,201610,201510,Other Reporting Airports,CITY OF DERRY (EGLINTON),LUTON,0,0,0,37,0,37,-100
23/12/2016 09:40,201610,201510,Other Reporting Airports,CITY OF DERRY (EGLINTON),STANSTED,9548,9548,0,11235,11235,0,-15.01558
23/12/2016 09:40,201610,201510,Other Reporting Airports,DONCASTER SHEFFIELD,CARDIFF WALES,124,0,124,0,0,0,0
23/12/2016 09:40,201610,201510,Other Reporting Airports,DONCASTER SHEFFIELD,EXETER,2,2,0,0,0,0,0
23/12/2016 09:40,201610,201510,Other Reporting Airports,DONCASTER SHEFFIELD,GATWICK,49,0,49,0,0,0,0
23/12/2016 09:40,201610,201510,Other Reporting Airports,DONCASTER SHEFFIELD,JERSEY,3895,3895,0,0,0,0,0
23/12/2016 09:40,201610,201510,Other Reporting Airports,DONCASTER SHEFFIELD,LUTON,0,0,0,58,0,58,-100
23/12/2016 09:40,201610,201510,Other Reporting Airports,DONCASTER SHEFFIELD,NEWQUAY,127,127,0,0,0,0,0
23/12/2016 09:40,201610,201510,Other Reporting Airports,DUNDEE,STANSTED,1781,1781,0,1993,1993,0,-10.63723
23/12/2016 09:40,201610,201510,Other Reporting Airports,DURHAM TEES VALLEY,ABERDEEN,1594,1594,0,2205,2205,0,-27.70975
23/12/2016 09:40,201610,201510,Other Reporting Airports,DURHAM TEES VALLEY,BOURNEMOUTH,74,40,34,0,0,0,0
23/12/2016 09:40,201610,201510,Other Reporting Airports,DURHAM TEES VALLEY,CARDIFF WALES,0,0,0,49,0,49,-100
23/12/2016 09:40,201610,201510,Other Reporting Airports,DURHAM TEES VALLEY,FARNBOROUGH,0,0,0,40,0,40,-100
23/12/2016 09:40,201610,201510,Other Reporting Airports,DURHAM TEES VALLEY,GATWICK,0,0,0,30,0,30,-100
23/12/2016 09:40,201610,201510,Other Reporting Airports,DURHAM TEES VALLEY,HUMBERSIDE,28,28,0,0,0,0,0
23/12/2016 09:40,201610,201510,Other Reporting Airports,DURHAM TEES VALLEY,LUTON,83,41,42,0,0,0,0
23/12/2016 09:40,201610,201510,Other Reporting Airports,DURHAM TEES VALLEY,NORWICH,0,0,0,15,15,0,-100
23/12/2016 09:40,201610,201510,Other Reporting Airports,EAST MIDLANDS INTERNATIONAL,ABERDEEN,508,508,0,1187,1187,0,-57.20303
23/12/2016 09:40,201610,201510,Other Reporting Airports,EAST MIDLANDS INTERNATIONAL,BELFAST CITY (GEORGE BEST),13394,13394,0,12584,12584,0,6.43675
23/12/2016 09:40,201610,201510,Other Reporting Airports,EAST MIDLANDS INTERNATIONAL,BIRMINGHAM,175,175,0,0,0,0,0
23/12/2016 09:40,201610,201510,Other Reporting Airports,EAST MIDLANDS INTERNATIONAL,BRISTOL,170,170,0,0,0,0,0
23/12/2016 09:40,201610,201510,Other Reporting Airports,EAST MIDLANDS INTERNATIONAL,EDINBURGH,8475,8475,0,8400,8400,0,0.89286
23/12/2016 09:40,201610,201510,Other Reporting Airports,EAST MIDLANDS INTERNATIONAL,FARNBOROUGH,0,0,0,36,0,36,-100
23/12/2016 09:40,201610,201510,Other Reporting Airports,EAST MIDLANDS INTERNATIONAL,GATWICK,0,0,0,38,0,38,-100
23/12/2016 09:40,201610,201510,Other Reporting Airports,EAST MIDLANDS INTERNATIONAL,GLASGOW,9544,9544,0,8383,8383,0,13.84946
23/12/2016 09:40,201610,201510,Other Reporting Airports,EAST MIDLANDS INTERNATIONAL,GUERNSEY,2429,2429,0,2551,2551,0,-4.78244
23/12/2016 09:40,201610,201510,Other Reporting Airports,EAST MIDLANDS INTERNATIONAL,JERSEY,2704,2704,0,2719,2719,0,-0.55167
23/12/2016 09:40,201610,201510,Other Reporting Airports,EAST MIDLANDS INTERNATIONAL,NORWICH,0,0,0,11,11,0,-100
23/12/2016 09:40,201610,201510,Other Reporting Airports,EAST MIDLANDS INTERNATIONAL,WICK JOHN O GROATS,43,43,0,0,0,0,0
23/12/2016 09:40,201610,201510,Other Reporting Airports,EDINBURGH,BELFAST CITY (GEORGE BEST),14606,14606,0,12494,12494,0,16.90411
23/12/2016 09:40,201610,201510,Other Reporting Airports,EDINBURGH,BELFAST INTERNATIONAL,24270,24270,0,24027,23932,95,1.01136
23/12/2016 09:40,201610,201510,Other Reporting Airports,EDINBURGH,BIRMINGHAM,22253,22253,0,23946,23816,130,-7.07007
23/12/2016 09:40,201610,201510,Other Reporting Airports,EDINBURGH,BRISTOL,32282,32282,0,31293,31293,0,3.16045
23/12/2016 09:40,201610,201510,Other Reporting Airports,EDINBURGH,CARDIFF WALES,8118,8118,0,8362,8362,0,-2.91796
23/12/2016 09:40,201610,201510,Other Reporting Airports,EDINBURGH,EAST MIDLANDS INTERNATIONAL,8487,8487,0,8377,8377,0,1.31312
23/12/2016 09:40,201610,201510,Other Reporting Airports,EDINBURGH,EXETER,4082,4082,0,3930,3930,0,3.86768
23/12/2016 09:40,201610,201510,Other Reporting Airports,EDINBURGH,GATWICK,61994,61994,0,62773,62773,0,-1.24098
23/12/2016 09:40,201610,201510,Other Reporting Airports,EDINBURGH,HEATHROW,90842,90842,0,103512,103512,0,-12.24013
23/12/2016 09:40,201610,201510,Other Reporting Airports,EDINBURGH,KIRKWALL,4468,4468,0,4078,4078,0,9.56351
23/12/2016 09:40,201610,201510,Other Reporting Airports,EDINBURGH,LIVERPOOL (JOHN LENNON),1522,1522,0,319,319,0,377.11599
23/12/2016 09:40,201610,201510,Other Reporting Airports,EDINBURGH,LONDON CITY,43268,43268,0,52565,52565,0,-17.68667
23/12/2016 09:40,201610,201510,Other Reporting Airports,EDINBURGH,LUTON,25048,25048,0,25043,25043,0,0.01997
23/12/2016 09:40,201610,201510,Other Reporting Airports,EDINBURGH,MANCHESTER,8259,8259,0,9190,9190,0,-10.13058
23/12/2016 09:40,201610,201510,Other Reporting Airports,EDINBURGH,NORWICH,2151,2151,0,2632,2632,0,-18.27508
23/12/2016 09:40,201610,201510,Other Reporting Airports,EDINBURGH,SOUTHAMPTON,17419,17419,0,17624,17624,0,-1.16319
23/12/2016 09:40,201610,201510,Other Reporting Airports,EDINBURGH,STANSTED,75075,75075,0,58057,58057,0,29.31257
23/12/2016 09:40,201610,201510,Other Reporting Airports,EDINBURGH,STORNOWAY,2179,2179,0,1804,1804,0,20.78714
23/12/2016 09:40,201610,201510,Other Reporting Airports,EDINBURGH,SUMBURGH,4028,4028,0,4184,4184,0,-3.72849
23/12/2016 09:40,201610,201510,Other Reporting Airports,EDINBURGH,WICK JOHN O GROATS,1015,1015,0,935,935,0,8.55615
23/12/2016 09:40,201610,201510,Other Reporting Airports,EXETER,BELFAST CITY (GEORGE BEST),2963,2963,0,2916,2916,0,1.6118
23/12/2016 09:40,201610,201510,Other Reporting Airports,EXETER,CARDIFF WALES,72,72,0,0,0,0,0
23/12/2016 09:40,201610,201510,Other Reporting Airports,EXETER,EDINBURGH,4177,4177,0,3980,3980,0,4.94975
23/12/2016 09:40,201610,201510,Other Reporting Airports,EXETER,GLASGOW,3311,3311,0,378,378,0,775.92593
23/12/2016 09:40,201610,201510,Other Reporting Airports,EXETER,GUERNSEY,2468,2468,0,2116,2116,0,16.63516
23/12/2016 09:40,201610,201510,Other Reporting Airports,EXETER,ISLES OF SCILLY (ST.MARYS),993,993,0,994,994,0,-0.1006
23/12/2016 09:40,201610,201510,Other Reporting Airports,EXETER,JERSEY,3897,3897,0,3812,3812,0,2.2298
23/12/2016 09:40,201610,201510,Other Reporting Airports,EXETER,LONDON CITY,2877,2877,0,4364,4364,0,-34.07424
23/12/2016 09:40,201610,201510,Other Reporting Airports,EXETER,MANCHESTER,10014,10014,0,10856,10856,0,-7.75608
23/12/2016 09:40,201610,201510,Other Reporting Airports,EXETER,NEWCASTLE,4026,4026,0,3234,3190,44,24.4898
23/12/2016 09:40,201610,201510,Other Reporting Airports,EXETER,NEWQUAY,0,0,0,45,45,0,-100
23/12/2016 09:40,201610,201510,Other Reporting Airports,EXETER,NORWICH,2640,2640,0,0,0,0,0
23/12/2016 09:40,201610,201510,London Area Airports,GATWICK,ABERDEEN,15082,15082,0,15448,15448,0,-2.36924
23/12/2016 09:40,201610,201510,London Area Airports,GATWICK,BELFAST CITY (GEORGE BEST),0,0,0,18604,18604,0,-100
23/12/2016 09:40,201610,201510,London Area Airports,GATWICK,BELFAST INTERNATIONAL,80868,80868,0,43827,43827,0,84.51639
23/12/2016 09:40,201610,201510,London Area Airports,GATWICK,BRISTOL,1,0,1,0,0,0,0
23/12/2016 09:40,201610,201510,London Area Airports,GATWICK,DONCASTER SHEFFIELD,37,0,37,0,0,0,0
23/12/2016 09:40,201610,201510,London Area Airports,GATWICK,DURHAM TEES VALLEY,0,0,0,40,0,40,-100
23/12/2016 09:40,201610,201510,London Area Airports,GATWICK,EAST MIDLANDS INTERNATIONAL,0,0,0,36,0,36,-100
23/12/2016 09:40,201610,201510,London Area Airports,GATWICK,EDINBURGH,61889,61889,0,62626,62626,0,-1.17683
23/12/2016 09:40,201610,201510,London Area Airports,GATWICK,GLASGOW,53264,53233,31,54978,54978,0,-3.11761
23/12/2016 09:40,201610,201510,London Area Airports,GATWICK,GUERNSEY,27451,27451,0,29388,29388,0,-6.59113
23/12/2016 09:40,201610,201510,London Area Airports,GATWICK,HEATHROW,3,0,3,0,0,0,0
23/12/2016 09:40,201610,201510,London Area Airports,GATWICK,HUMBERSIDE,42,0,42,0,0,0,0
23/12/2016 09:40,201610,201510,London Area Airports,GATWICK,INVERNESS,21040,21040,0,18635,18635,0,12.90582
23/12/2016 09:40,201610,201510,London Area Airports,GATWICK,ISLE OF MAN,14304,14304,0,13427,13427,0,6.53162
23/12/2016 09:40,201610,201510,London Area Airports,GATWICK,JERSEY,60156,60156,0,59724,59724,0,0.72333
23/12/2016 09:40,201610,201510,London Area Airports,GATWICK,LEEDS BRADFORD,0,0,0,73,0,73,-100
23/12/2016 09:40,201610,201510,London Area Airports,GATWICK,LIVERPOOL (JOHN LENNON),46,0,46,0,0,0,0
23/12/2016 09:40,201610,201510,London Area Airports,GATWICK,MANCHESTER,69,0,69,71,0,71,-2.8169
23/12/2016 09:40,201610,201510,London Area Airports,GATWICK,NEWCASTLE,1,0,1,0,0,0,0
23/12/2016 09:40,201610,201510,London Area Airports,GATWICK,NEWQUAY,13439,13439,0,10240,10240,0,31.24023
23/12/2016 09:40,201610,201510,Other Reporting Airports,GLASGOW,BARRA,1187,1187,0,810,810,0,46.54321
23/12/2016 09:40,201610,201510,Other Reporting Airports,GLASGOW,BELFAST CITY (GEORGE BEST),14338,14338,0,13710,13710,0,4.5806
23/12/2016 09:40,201610,201510,Other Reporting Airports,GLASGOW,BELFAST INTERNATIONAL,25546,25546,0,24321,24321,0,5.0368
23/12/2016 09:40,201610,201510,Other Reporting Airports,GLASGOW,BENBECULA,2451,2451,0,2079,2079,0,17.89322
23/12/2016 09:40,201610,201510,Other Reporting Airports,GLASGOW,BIRMINGHAM,19959,19816,143,20125,20044,81,-0.82484
23/12/2016 09:40,201610,201510,Other Reporting Airports,GLASGOW,BOURNEMOUTH,0,0,0,3718,3718,0,-100
23/12/2016 09:40,201610,201510,Other Reporting Airports,GLASGOW,BRISTOL,24916,24916,0,24592,24592,0,1.3175
23/12/2016 09:40,201610,201510,Other Reporting Airports,GLASGOW,CAMPBELTOWN,794,794,0,770,770,0,3.11688
23/12/2016 09:40,201610,201510,Other Reporting Airports,GLASGOW,CARDIFF WALES,3405,3405,0,2582,2541,41,31.87452
23/12/2016 09:40,201610,201510,Other Reporting Airports,GLASGOW,CITY OF DERRY (EGLINTON),7032,7032,0,6799,6799,0,3.42697
23/12/2016 09:40,201610,201510,Other Reporting Airports,GLASGOW,EAST MIDLANDS INTERNATIONAL,9545,9545,0,8384,8384,0,13.84781
23/12/2016 09:40,201610,201510,Other Reporting Airports,GLASGOW,EXETER,3308,3308,0,378,378,0,775.13228
23/12/2016 09:40,201610,201510,Other Reporting Airports,GLASGOW,GATWICK,53396,53396,0,55154,55154,0,-3.18744
23/12/2016 09:40,201610,201510,Other Reporting Airports,GLASGOW,HEATHROW,77812,77812,0,79806,79806,0,-2.49856
23/12/2016 09:40,201610,201510,Other Reporting Airports,GLASGOW,INVERNESS,33,0,33,0,0,0,0
23/12/2016 09:40,201610,201510,Other Reporting Airports,GLASGOW,ISLAY,2711,2711,0,2684,2684,0,1.00596
23/12/2016 09:40,201610,201510,Other Reporting Airports,GLASGOW,ISLE OF MAN,787,787,0,830,830,0,-5.18072
23/12/2016 09:40,201610,201510,Other Reporting Airports,GLASGOW,JERSEY,3713,3713,0,3639,3639,0,2.03353
23/12/2016 09:40,201610,201510,Other Reporting Airports,GLASGOW,KIRKWALL,1654,1654,0,1599,1599,0,3.43965
23/12/2016 09:40,201610,201510,Other Reporting Airports,GLASGOW,LEEDS BRADFORD,1062,1062,0,579,579,0,83.41969
23/12/2016 09:40,201610,201510,Other Reporting Airports,GLASGOW,LONDON CITY,21996,21996,0,21737,21737,0,1.19152
23/12/2016 09:40,201610,201510,Other Reporting Airports,GLASGOW,LUTON,18712,18712,0,19980,19980,0,-6.34635
23/12/2016 09:40,201610,201510,Other Reporting Airports,GLASGOW,MANCHESTER,3532,3352,180,3930,3930,0,-10.12723
23/12/2016 09:40,201610,201510,Other Reporting Airports,GLASGOW,SOUTHAMPTON,16505,16505,0,13918,13918,0,18.58744
23/12/2016 09:40,201610,201510,Other Reporting Airports,GLASGOW,STANSTED,58147,58147,0,51507,51507,0,12.89145
23/12/2016 09:40,201610,201510,Other Reporting Airports,GLASGOW,STORNOWAY,6258,6258,0,5889,5889,0,6.26592
23/12/2016 09:40,201610,201510,Other Reporting Airports,GLASGOW,SUMBURGH,2945,2945,0,2852,2852,0,3.26087
23/12/2016 09:40,201610,201510,Other Reporting Airports,GLASGOW,TIREE,710,710,0,790,790,0,-10.12658
23/12/2016 09:40,201610,201510,Other Reporting Airports,GLOUCESTERSHIRE,ISLE OF MAN,989,989,0,895,895,0,10.50279
23/12/2016 09:40,201610,201510,Other Reporting Airports,GLOUCESTERSHIRE,JERSEY,30,30,0,16,16,0,87.5
23/12/2016 09:40,201610,201510,Other Reporting Airports,GUERNSEY,ALDERNEY,2994,2994,0,3023,3023,0,-0.95931
23/12/2016 09:40,201610,201510,Other Reporting Airports,GUERNSEY,BIRMINGHAM,2420,2420,0,2334,2334,0,3.68466
23/12/2016 09:40,201610,201510,Other Reporting Airports,GUERNSEY,BRISTOL,2133,2133,0,1980,1980,0,7.72727
23/12/2016 09:40,201610,201510,Other Reporting Airports,GUERNSEY,EAST MIDLANDS INTERNATIONAL,2424,2424,0,2639,2639,0,-8.14703
23/12/2016 09:40,201610,201510,Other Reporting Airports,GUERNSEY,EXETER,2480,2480,0,2067,2067,0,19.98065
23/12/2016 09:40,201610,201510,Other Reporting Airports,GUERNSEY,GATWICK,27475,27475,0,29353,29353,0,-6.39798
23/12/2016 09:40,201610,201510,Other Reporting Airports,GUERNSEY,JERSEY,8897,8897,0,11455,11455,0,-22.33086
23/12/2016 09:40,201610,201510,Other Reporting Airports,GUERNSEY,LEEDS BRADFORD,926,926,0,0,0,0,0
23/12/2016 09:40,201610,201510,Other Reporting Airports,GUERNSEY,LONDON CITY,2235,2235,0,1947,1947,0,14.79199
23/12/2016 09:40,201610,201510,Other Reporting Airports,GUERNSEY,MANCHESTER,5848,5848,0,5668,5668,0,3.17572
23/12/2016 09:40,201610,201510,Other Reporting Airports,GUERNSEY,SOUTHAMPTON,11349,11349,0,12609,12609,0,-9.99286
23/12/2016 09:40,201610,201510,Other Reporting Airports,GUERNSEY,STANSTED,2459,2459,0,2166,2166,0,13.52724
23/12/2016 09:40,201610,201510,London Area Airports,HEATHROW,ABERDEEN,55318,55318,0,60346,60346,0,-8.33195
23/12/2016 09:40,201610,201510,London Area Airports,HEATHROW,BELFAST CITY (GEORGE BEST),61041,61041,0,61996,61886,110,-1.54042
23/12/2016 09:40,201610,201510,London Area Airports,HEATHROW,EDINBURGH,90962,90962,0,103501,103501,0,-12.11486
23/12/2016 09:40,201610,201510,London Area Airports,HEATHROW,GLASGOW,77865,77865,0,79930,79930,0,-2.58351
23/12/2016 09:40,201610,201510,London Area Airports,HEATHROW,INVERNESS,7773,7773,0,0,0,0,0
23/12/2016 09:40,201610,201510,London Area Airports,HEATHROW,LEEDS BRADFORD,14799,14799,0,13769,13769,0,7.48057
23/12/2016 09:40,201610,201510,London Area Airports,HEATHROW,MANCHESTER,58123,58123,0,60625,60625,0,-4.12701
23/12/2016 09:40,201610,201510,London Area Airports,HEATHROW,NEWCASTLE,44385,44385,0,47053,47053,0,-5.6702
23/12/2016 09:40,201610,201510,Other Reporting Airports,HUMBERSIDE,ABERDEEN,1763,1763,0,2649,2649,0,-33.44658
23/12/2016 09:40,201610,201510,Other Reporting Airports,HUMBERSIDE,BOURNEMOUTH,69,35,34,0,0,0,0
23/12/2016 09:40,201610,201510,Other Reporting Airports,HUMBERSIDE,BRISTOL,28,28,0,0,0,0,0
23/12/2016 09:40,201610,201510,Other Reporting Airports,HUMBERSIDE,DURHAM TEES VALLEY,44,44,0,0,0,0,0
23/12/2016 09:40,201610,201510,Other Reporting Airports,HUMBERSIDE,EAST MIDLANDS INTERNATIONAL,0,0,0,24,24,0,-100
23/12/2016 09:40,201610,201510,Other Reporting Airports,HUMBERSIDE,LOSSIEMOUTH,2,2,0,0,0,0,0
23/12/2016 09:40,201610,201510,Other Reporting Airports,HUMBERSIDE,LUTON,46,0,46,0,0,0,0
23/12/2016 09:40,201610,201510,Other Reporting Airports,HUMBERSIDE,MARHAM(KINGS LYNN),36,36,0,0,0,0,0
23/12/2016 09:40,201610,201510,Other Reporting Airports,HUMBERSIDE,NORWICH,0,0,0,48,0,48,-100
23/12/2016 09:40,201610,201510,Other Reporting Airports,HUMBERSIDE,WARTON,39,39,0,0,0,0,0
23/12/2016 09:40,201610,201510,Other Reporting Airports,INVERNESS,BELFAST CITY (GEORGE BEST),2763,2763,0,2607,2607,0,5.98389
23/12/2016 09:40,201610,201510,Other Reporting Airports,INVERNESS,BIRMINGHAM,3705,3705,0,3856,3856,0,-3.91598
23/12/2016 09:40,201610,201510,Other Reporting Airports,INVERNESS,BRISTOL,9280,9280,0,6735,6735,0,37.78768
23/12/2016 09:40,201610,201510,Other Reporting Airports,INVERNESS,GATWICK,21127,21127,0,18791,18791,0,12.43148
23/12/2016 09:40,201610,201510,Other Reporting Airports,INVERNESS,HEATHROW,7730,7730,0,0,0,0,0
23/12/2016 09:40,201610,201510,Other Reporting Airports,INVERNESS,KIRKWALL,1846,1846,0,1872,1872,0,-1.38889
23/12/2016 09:40,201610,201510,Other Reporting Airports,INVERNESS,LUTON,14188,14188,0,8833,8833,0,60.62493
23/12/2016 09:40,201610,201510,Other Reporting Airports,INVERNESS,MANCHESTER,6394,6394,0,6225,6225,0,2.71486
23/12/2016 09:40,201610,201510,Other Reporting Airports,INVERNESS,STORNOWAY,2829,2829,0,2561,2561,0,10.46466
23/12/2016 09:40,201610,201510,Other Reporting Airports,INVERNESS,SUMBURGH,366,366,0,359,359,0,1.94986
23/12/2016 09:40,201610,201510,Other Reporting Airports,ISLAY,GLASGOW,2686,2686,0,2676,2676,0,0.37369
23/12/2016 09:40,201610,201510,Other Reporting Airports,ISLE OF MAN,BELFAST CITY (GEORGE BEST),2141,2141,0,1958,1958,0,9.34627
23/12/2016 09:40,201610,201510,Other Reporting Airports,ISLE OF MAN,BIRMINGHAM,3526,3526,0,3274,3274,0,7.69701
23/12/2016 09:40,201610,201510,Other Reporting Airports,ISLE OF MAN,BLACKPOOL,1337,1337,0,938,938,0,42.53731
23/12/2016 09:40,201610,201510,Other Reporting Airports,ISLE OF MAN,BRISTOL,2289,2289,0,2453,2453,0,-6.68569
23/12/2016 09:40,201610,201510,Other Reporting Airports,ISLE OF MAN,GATWICK,14431,14431,0,13516,13516,0,6.76975
23/12/2016 09:40,201610,201510,Other Reporting Airports,ISLE OF MAN,GLASGOW,784,784,0,855,855,0,-8.30409
23/12/2016 09:40,201610,201510,Other Reporting Airports,ISLE OF MAN,GLOUCESTERSHIRE,988,988,0,901,901,0,9.65594
23/12/2016 09:40,201610,201510,Other Reporting Airports,ISLE OF MAN,LIVERPOOL (JOHN LENNON),17045,17045,0,17274,17274,0,-1.32569
23/12/2016 09:40,201610,201510,Other Reporting Airports,ISLE OF MAN,LONDON CITY,6030,6030,0,5023,5023,0,20.04778
23/12/2016 09:40,201610,201510,Other Reporting Airports,ISLE OF MAN,MANCHESTER,14316,14316,0,12816,12816,0,11.70412
23/12/2016 09:40,201610,201510,Other Reporting Airports,ISLE OF MAN,NEWCASTLE,376,376,0,367,367,0,2.45232
23/12/2016 09:40,201610,201510,Other Reporting Airports,ISLE OF MAN,STANSTED,0,0,0,4558,4558,0,-100
23/12/2016 09:40,201610,201510,Other Reporting Airports,JERSEY,BELFAST INTERNATIONAL,2245,2245,0,1022,1022,0,119.66732
23/12/2016 09:40,201610,201510,Other Reporting Airports,JERSEY,BIRMINGHAM,7116,7116,0,5868,5868,0,21.26789
23/12/2016 09:40,201610,201510,Other Reporting Airports,JERSEY,BOURNEMOUTH,0,0,0,2374,2374,0,-100
23/12/2016 09:40,201610,201510,Other Reporting Airports,JERSEY,BRISTOL,2661,2661,0,3006,3006,0,-11.47705
23/12/2016 09:40,201610,201510,Other Reporting Airports,JERSEY,CARDIFF WALES,1488,1488,0,771,771,0,92.99611
23/12/2016 09:40,201610,201510,Other Reporting Airports,JERSEY,DONCASTER SHEFFIELD,3617,3617,0,0,0,0,0
23/12/2016 09:40,201610,201510,Other Reporting Airports,JERSEY,EAST MIDLANDS INTERNATIONAL,2700,2700,0,2690,2690,0,0.37175
23/12/2016 09:40,201610,201510,Other Reporting Airports,JERSEY,EXETER,4342,4342,0,4073,4073,0,6.60447
23/12/2016 09:40,201610,201510,Other Reporting Airports,JERSEY,GATWICK,59797,59797,0,59567,59567,0,0.38612
23/12/2016 09:40,201610,201510,Other Reporting Airports,JERSEY,GLASGOW,3677,3677,0,3592,3592,0,2.36637
23/12/2016 09:40,201610,201510,Other Reporting Airports,JERSEY,GLOUCESTERSHIRE,32,32,0,18,18,0,77.77778
23/12/2016 09:40,201610,201510,Other Reporting Airports,JERSEY,GUERNSEY,8045,8045,0,10964,10964,0,-26.6235
23/12/2016 09:40,201610,201510,Other Reporting Airports,JERSEY,LEEDS BRADFORD,0,0,0,4525,4525,0,-100
23/12/2016 09:40,201610,201510,Other Reporting Airports,JERSEY,LIVERPOOL (JOHN LENNON),10602,10602,0,11946,11946,0,-11.25063
23/12/2016 09:40,201610,201510,Other Reporting Airports,JERSEY,LONDON CITY,2760,2760,0,3918,3918,0,-29.5559
23/12/2016 09:40,201610,201510,Other Reporting Airports,JERSEY,LUTON,4285,4285,0,0,0,0,0
23/12/2016 09:40,201610,201510,Other Reporting Airports,JERSEY,MANCHESTER,5133,5133,0,3435,3435,0,49.43231
23/12/2016 09:40,201610,201510,Other Reporting Airports,JERSEY,NEWCASTLE,2509,2509,0,1949,1949,0,28.73268
23/12/2016 09:40,201610,201510,Other Reporting Airports,JERSEY,SOUTHAMPTON,13524,13524,0,10573,10573,0,27.91072
23/12/2016 09:40,201610,201510,Other Reporting Airports,JERSEY,SOUTHEND,2441,2441,0,2441,2441,0,0
23/12/2016 09:40,201610,201510,Other Reporting Airports,KIRKWALL,ABERDEEN,4024,4024,0,3685,3685,0,9.19946
23/12/2016 09:40,201610,201510,Other Reporting Airports,KIRKWALL,EDAY,44,44,0,33,33,0,33.33333
23/12/2016 09:40,201610,201510,Other Reporting Airports,KIRKWALL,EDINBURGH,4397,4397,0,4055,4055,0,8.43403
23/12/2016 09:40,201610,201510,Other Reporting Airports,KIRKWALL,GLASGOW,1646,1646,0,1605,1605,0,2.55452
23/12/2016 09:40,201610,201510,Other Reporting Airports,KIRKWALL,INVERNESS,905,905,0,857,857,0,5.60093
23/12/2016 09:40,201610,201510,Other Reporting Airports,KIRKWALL,NORTH RONALDSAY,519,519,0,488,488,0,6.35246
23/12/2016 09:40,201610,201510,Other Reporting Airports,KIRKWALL,PAPA WESTRAY,460,460,0,405,405,0,13.58025
23/12/2016 09:40,201610,201510,Other Reporting Airports,KIRKWALL,SANDAY,271,271,0,289,289,0,-6.22837
23/12/2016 09:40,201610,201510,Other Reporting Airports,KIRKWALL,STRONSAY,239,239,0,269,269,0,-11.15242
23/12/2016 09:40,201610,201510,Other Reporting Airports,KIRKWALL,SUMBURGH,711,711,0,657,657,0,8.21918
23/12/2016 09:40,201610,201510,Other Reporting Airports,KIRKWALL,WESTRAY,253,253,0,277,277,0,-8.66426
23/12/2016 09:40,201610,201510,Other Reporting Airports,LEEDS BRADFORD,ABERDEEN,923,923,0,1540,1540,0,-40.06494
23/12/2016 09:40,201610,201510,Other Reporting Airports,LEEDS BRADFORD,BELFAST CITY (GEORGE BEST),13396,13396,0,12855,12855,0,4.20848
23/12/2016 09:40,201610,201510,Other Reporting Airports,LEEDS BRADFORD,EAST MIDLANDS INTERNATIONAL,181,181,0,0,0,0,0
23/12/2016 09:40,201610,201510,Other Reporting Airports,LEEDS BRADFORD,GATWICK,0,0,0,75,0,75,-100
23/12/2016 09:40,201610,201510,Other Reporting Airports,LEEDS BRADFORD,GLASGOW,1062,1062,0,553,553,0,92.0434
23/12/2016 09:40,201610,201510,Other Reporting Airports,LEEDS BRADFORD,GUERNSEY,908,908,0,0,0,0,0
23/12/2016 09:40,201610,201510,Other Reporting Airports,LEEDS BRADFORD,HEATHROW,14724,14724,0,13688,13688,0,7.56867
23/12/2016 09:40,201610,201510,Other Reporting Airports,LEEDS BRADFORD,JERSEY,0,0,0,3526,3526,0,-100
23/12/2016 09:40,201610,201510,Other Reporting Airports,LEEDS BRADFORD,NEWQUAY,269,269,0,0,0,0,0
23/12/2016 09:40,201610,201510,Other Reporting Airports,LEEDS BRADFORD,SOUTHAMPTON,3158,3158,0,4211,4211,0,-25.00594
23/12/2016 09:40,201610,201510,Other Reporting Airports,LERWICK (TINGWALL),FAIR ISLE,349,349,0,264,264,0,32.19697
23/12/2016 09:40,201610,201510,Other Reporting Airports,LERWICK (TINGWALL),FOULA,118,118,0,101,101,0,16.83168
23/12/2016 09:40,201610,201510,Other Reporting Airports,LERWICK (TINGWALL),OUT SKERRIES,0,0,0,19,19,0,-100
23/12/2016 09:40,201610,201510,Other Reporting Airports,LERWICK (TINGWALL),PAPA STOUR,6,6,0,4,4,0,50
23/12/2016 09:40,201610,201510,Other Reporting Airports,LIVERPOOL (JOHN LENNON),BELFAST CITY (GEORGE BEST),6013,6013,0,8231,8231,0,-26.94691
23/12/2016 09:40,201610,201510,Other Reporting Airports,LIVERPOOL (JOHN LENNON),BELFAST INTERNATIONAL,40638,40638,0,38616,38616,0,5.23617
23/12/2016 09:40,201610,201510,Other Reporting Airports,LIVERPOOL (JOHN LENNON),BIGGIN HILL,37,0,37,0,0,0,0
23/12/2016 09:40,201610,201510,Other Reporting Airports,LIVERPOOL (JOHN LENNON),BOURNEMOUTH,0,0,0,71,0,71,-100
23/12/2016 09:40,201610,201510,Other Reporting Airports,LIVERPOOL (JOHN LENNON),CARDIFF WALES,45,0,45,0,0,0,0
23/12/2016 09:40,201610,201510,Other Reporting Airports,LIVERPOOL (JOHN LENNON),CITY OF DERRY (EGLINTON),7342,7342,0,6422,6422,0,14.32576
23/12/2016 09:40,201610,201510,Other Reporting Airports,LIVERPOOL (JOHN LENNON),EDINBURGH,1506,1506,0,311,311,0,384.24437
23/12/2016 09:40,201610,201510,Other Reporting Airports,LIVERPOOL (JOHN LENNON),GATWICK,46,0,46,0,0,0,0
23/12/2016 09:40,201610,201510,Other Reporting Airports,LIVERPOOL (JOHN LENNON),ISLE OF MAN,16931,16931,0,17228,17228,0,-1.72394
23/12/2016 09:40,201610,201510,Other Reporting Airports,LIVERPOOL (JOHN LENNON),JERSEY,10589,10589,0,11827,11827,0,-10.46757
23/12/2016 09:40,201610,201510,Other Reporting Airports,LIVERPOOL (JOHN LENNON),LUTON,0,0,0,38,0,38,-100
23/12/2016 09:40,201610,201510,Other Reporting Airports,LIVERPOOL (JOHN LENNON),NEWCASTLE,0,0,0,39,0,39,-100
23/12/2016 09:40,201610,201510,Other Reporting Airports,LIVERPOOL (JOHN LENNON),NORWICH,0,0,0,71,0,71,-100
23/12/2016 09:40,201610,201510,Other Reporting Airports,LIVERPOOL (JOHN LENNON),SOUTHAMPTON,0,0,0,87,0,87,-100
23/12/2016 09:40,201610,201510,Other Reporting Airports,LIVERPOOL (JOHN LENNON),STANSTED,75,0,75,43,0,43,74.4186
23/12/2016 09:40,201610,201510,London Area Airports,LONDON CITY,ABERDEEN,4634,4634,0,7580,7580,0,-38.86544
23/12/2016 09:40,201610,201510,London Area Airports,LONDON CITY,BELFAST CITY (GEORGE BEST),9962,9962,0,10572,10572,0,-5.76996
23/12/2016 09:40,201610,201510,London Area Airports,LONDON CITY,CARDIFF WALES,3941,3941,0,0,0,0,0
23/12/2016 09:40,201610,201510,London Area Airports,LONDON CITY,EDINBURGH,43086,43086,0,52447,52447,0,-17.84849
23/12/2016 09:40,201610,201510,London Area Airports,LONDON CITY,EXETER,2869,2869,0,4319,4319,0,-33.57259
23/12/2016 09:40,201610,201510,London Area Airports,LONDON CITY,GLASGOW,22020,22020,0,21771,21771,0,1.14372
23/12/2016 09:40,201610,201510,London Area Airports,LONDON CITY,GUERNSEY,2231,2231,0,1970,1970,0,13.24873
23/12/2016 09:40,201610,201510,London Area Airports,LONDON CITY,ISLE OF MAN,6008,6008,0,5058,5058,0,18.78213
23/12/2016 09:40,201610,201510,London Area Airports,LONDON CITY,JERSEY,2751,2751,0,3974,3974,0,-30.77504
23/12/2016 09:40,201610,201510,London Area Airports,LONDON CITY,SOUTHEND,0,0,0,50,50,0,-100
23/12/2016 09:40,201610,201510,London Area Airports,LUTON,ABERDEEN,7885,7885,0,6928,6894,34,13.81351
23/12/2016 09:40,201610,201510,London Area Airports,LUTON,BELFAST INTERNATIONAL,26026,26026,0,27584,27584,0,-5.6482
23/12/2016 09:40,201610,201510,London Area Airports,LUTON,CARDIFF WALES,0,0,0,68,0,68,-100
23/12/2016 09:40,201610,201510,London Area Airports,LUTON,CITY OF DERRY (EGLINTON),0,0,0,31,0,31,-100
23/12/2016 09:40,201610,201510,London Area Airports,LUTON,DONCASTER SHEFFIELD,0,0,0,56,0,56,-100
23/12/2016 09:40,201610,201510,London Area Airports,LUTON,EDINBURGH,25043,25043,0,24906,24906,0,0.55007
23/12/2016 09:40,201610,201510,London Area Airports,LUTON,GLASGOW,18708,18708,0,19851,19851,0,-5.7579
23/12/2016 09:40,201610,201510,London Area Airports,LUTON,INVERNESS,14275,14275,0,8707,8707,0,63.94855
23/12/2016 09:40,201610,201510,London Area Airports,LUTON,JERSEY,4320,4320,0,0,0,0,0
23/12/2016 09:40,201610,201510,London Area Airports,LUTON,LIVERPOOL (JOHN LENNON),0,0,0,38,0,38,-100
23/12/2016 09:40,201610,201510,London Area Airports,LUTON,MANCHESTER,32,0,32,29,0,29,10.34483
23/12/2016 09:40,201610,201510,London Area Airports,LUTON,NEWCASTLE,40,0,40,69,0,69,-42.02899
23/12/2016 09:40,201610,201510,Other Reporting Airports,MANCHESTER,ABERDEEN,17551,17551,0,17670,17475,195,-0.67346
23/12/2016 09:40,201610,201510,Other Reporting Airports,MANCHESTER,BELFAST CITY (GEORGE BEST),24742,24742,0,23029,23029,0,7.43845
23/12/2016 09:40,201610,201510,Other Reporting Airports,MANCHESTER,BELFAST INTERNATIONAL,21503,21503,0,20376,20376,0,5.53102
23/12/2016 09:40,201610,201510,Other Reporting Airports,MANCHESTER,BIGGIN HILL,0,0,0,80,0,80,-100
23/12/2016 09:40,201610,201510,Other Reporting Airports,MANCHESTER,BOURNEMOUTH,0,0,0,4137,4074,63,-100
23/12/2016 09:40,201610,201510,Other Reporting Airports,MANCHESTER,EDINBURGH,8407,8407,0,9196,9196,0,-8.57982
23/12/2016 09:40,201610,201510,Other Reporting Airports,MANCHESTER,EXETER,10098,10098,0,10808,10808,0,-6.56921
23/12/2016 09:40,201610,201510,Other Reporting Airports,MANCHESTER,GATWICK,35,0,35,75,0,75,-53.33333
23/12/2016 09:40,201610,201510,Other Reporting Airports,MANCHESTER,GLASGOW,3336,3336,0,3946,3946,0,-15.45869
23/12/2016 09:40,201610,201510,Other Reporting Airports,MANCHESTER,GUERNSEY,5789,5789,0,5634,5634,0,2.75115
23/12/2016 09:40,201610,201510,Other Reporting Airports,MANCHESTER,HEATHROW,57963,57963,0,60233,60165,68,-3.7687
23/12/2016 09:40,201610,201510,Other Reporting Airports,MANCHESTER,INVERNESS,6381,6381,0,6221,6221,0,2.57193
23/12/2016 09:40,201610,201510,Other Reporting Airports,MANCHESTER,ISLE OF MAN,14204,14204,0,12726,12726,0,11.61402
23/12/2016 09:40,201610,201510,Other Reporting Airports,MANCHESTER,JERSEY,5144,5144,0,3431,3431,0,49.92713
23/12/2016 09:40,201610,201510,Other Reporting Airports,MANCHESTER,NEWCASTLE,0,0,0,146,0,146,-100
23/12/2016 09:40,201610,201510,Other Reporting Airports,MANCHESTER,NEWQUAY,5633,5633,0,4818,4818,0,16.91573
23/12/2016 09:40,201610,201510,Other Reporting Airports,MANCHESTER,NORWICH,2136,2136,0,2531,2492,39,-15.60648
23/12/2016 09:40,201610,201510,Other Reporting Airports,MANCHESTER,SOUTHAMPTON,17219,17137,82,12486,12486,0,37.90646
23/12/2016 09:40,201610,201510,Other Reporting Airports,NEWCASTLE,ABERDEEN,1461,1461,0,2319,2319,0,-36.99871
23/12/2016 09:40,201610,201510,Other Reporting Airports,NEWCASTLE,BELFAST CITY (GEORGE BEST),0,0,0,2190,2190,0,-100
23/12/2016 09:40,201610,201510,Other Reporting Airports,NEWCASTLE,BELFAST INTERNATIONAL,20552,20552,0,19092,19092,0,7.64718
23/12/2016 09:40,201610,201510,Other Reporting Airports,NEWCASTLE,BIRMINGHAM,39,0,39,819,753,66,-95.2381
23/12/2016 09:40,201610,201510,Other Reporting Airports,NEWCASTLE,BRISTOL,14020,14020,0,15268,15268,0,-8.17396
23/12/2016 09:40,201610,201510,Other Reporting Airports,NEWCASTLE,CARDIFF WALES,1090,1090,0,1171,1119,52,-6.91716
23/12/2016 09:40,201610,201510,Other Reporting Airports,NEWCASTLE,EXETER,3988,3988,0,3093,3049,44,28.93631
23/12/2016 09:40,201610,201510,Other Reporting Airports,NEWCASTLE,HEATHROW,44164,44164,0,46461,46461,0,-4.94393
23/12/2016 09:40,201610,201510,Other Reporting Airports,NEWCASTLE,ISLE OF MAN,375,375,0,362,362,0,3.59116
23/12/2016 09:40,201610,201510,Other Reporting Airports,NEWCASTLE,JERSEY,2546,2546,0,2023,2023,0,25.85269
23/12/2016 09:40,201610,201510,Other Reporting Airports,NEWCASTLE,LIVERPOOL (JOHN LENNON),0,0,0,40,0,40,-100
23/12/2016 09:40,201610,201510,Other Reporting Airports,NEWCASTLE,LUTON,80,0,80,69,0,69,15.94203
23/12/2016 09:40,201610,201510,Other Reporting Airports,NEWCASTLE,MANCHESTER,64,0,64,145,0,145,-55.86207
23/12/2016 09:40,201610,201510,Other Reporting Airports,NEWCASTLE,NORWICH,0,0,0,96,0,96,-100
23/12/2016 09:40,201610,201510,Other Reporting Airports,NEWCASTLE,SOUTHAMPTON,9752,9662,90,9706,9706,0,0.47393
23/12/2016 09:40,201610,201510,Other Reporting Airports,NEWCASTLE,STANSTED,38,0,38,3474,3437,37,-98.90616
23/12/2016 09:40,201610,201510,Other Reporting Airports,NEWQUAY,BIRMINGHAM,3155,3155,0,2304,2304,0,36.93576
23/12/2016 09:40,201610,201510,Other Reporting Airports,NEWQUAY,DONCASTER SHEFFIELD,117,117,0,0,0,0,0
23/12/2016 09:40,201610,201510,Other Reporting Airports,NEWQUAY,EXETER,-25,-25,0,0,0,0,0
23/12/2016 09:40,201610,201510,Other Reporting Airports,NEWQUAY,GATWICK,13396,13396,0,10141,10141,0,32.09743
23/12/2016 09:40,201610,201510,Other Reporting Airports,NEWQUAY,ISLES OF SCILLY (ST.MARYS),1400,1400,0,1502,1502,0,-6.79095
23/12/2016 09:40,201610,201510,Other Reporting Airports,NEWQUAY,LEEDS BRADFORD,272,272,0,0,0,0,0
23/12/2016 09:40,201610,201510,Other Reporting Airports,NEWQUAY,MANCHESTER,5709,5709,0,4836,4836,0,18.05211
23/12/2016 09:40,201610,201510,Other Reporting Airports,NEWQUAY,STANSTED,2618,2618,0,0,0,0,0
23/12/2016 09:40,201610,201510,Other Reporting Airports,NORWICH,ABERDEEN,3510,3510,0,3951,3951,0,-11.16173
23/12/2016 09:40,201610,201510,Other Reporting Airports,NORWICH,DURHAM TEES VALLEY,0,0,0,15,15,0,-100
23/12/2016 09:40,201610,201510,Other Reporting Airports,NORWICH,EAST MIDLANDS INTERNATIONAL,0,0,0,3,3,0,-100
23/12/2016 09:40,201610,201510,Other Reporting Airports,NORWICH,EDINBURGH,2140,2140,0,2605,2605,0,-17.85029
23/12/2016 09:40,201610,201510,Other Reporting Airports,NORWICH,EXETER,2591,2591,0,0,0,0,0
23/12/2016 09:40,201610,201510,Other Reporting Airports,NORWICH,MANCHESTER,2147,2147,0,2477,2477,0,-13.32257
23/12/2016 09:40,201610,201510,Other Reporting Airports,PRESTWICK,MANCHESTER,33,0,33,0,0,0,0
23/12/2016 09:40,201610,201510,Other Reporting Airports,SCATSTA,ABERDEEN,0,0,0,8973,0,8973,-100
23/12/2016 09:40,201610,201510,Other Reporting Airports,SOUTHAMPTON,ABERDEEN,1902,1902,0,1566,1566,0,21.45594
23/12/2016 09:40,201610,201510,Other Reporting Airports,SOUTHAMPTON,ALDERNEY,1912,1912,0,1821,1821,0,4.99725
23/12/2016 09:40,201610,201510,Other Reporting Airports,SOUTHAMPTON,BELFAST CITY (GEORGE BEST),9997,9997,0,9813,9813,0,1.87506
23/12/2016 09:40,201610,201510,Other Reporting Airports,SOUTHAMPTON,EDINBURGH,17455,17455,0,17769,17769,0,-1.76712
23/12/2016 09:40,201610,201510,Other Reporting Airports,SOUTHAMPTON,GLASGOW,16548,16548,0,13920,13920,0,18.87931
23/12/2016 09:40,201610,201510,Other Reporting Airports,SOUTHAMPTON,GUERNSEY,11355,11355,0,12650,12650,0,-10.23715
23/12/2016 09:40,201610,201510,Other Reporting Airports,SOUTHAMPTON,JERSEY,13716,13716,0,14008,14008,0,-2.08452
23/12/2016 09:40,201610,201510,Other Reporting Airports,SOUTHAMPTON,LEEDS BRADFORD,1397,1383,14,5626,5626,0,-75.16886
23/12/2016 09:40,201610,201510,Other Reporting Airports,SOUTHAMPTON,LIVERPOOL (JOHN LENNON),0,0,0,85,0,85,-100
23/12/2016 09:40,201610,201510,Other Reporting Airports,SOUTHAMPTON,LONDON CITY,33,33,0,0,0,0,0
23/12/2016 09:40,201610,201510,Other Reporting Airports,SOUTHAMPTON,MANCHESTER,17508,17373,135,12652,12652,0,38.38128
23/12/2016 09:40,201610,201510,Other Reporting Airports,SOUTHAMPTON,NEWCASTLE,9757,9715,42,9783,9783,0,-0.26577
23/12/2016 09:40,201610,201510,London Area Airports,SOUTHEND,ABERDEEN,90,90,0,55,55,0,63.63636
23/12/2016 09:40,201610,201510,London Area Airports,SOUTHEND,BELFAST CITY (GEORGE BEST),87,87,0,0,0,0,0
23/12/2016 09:40,201610,201510,London Area Airports,SOUTHEND,EDINBURGH,235,235,0,0,0,0,0
23/12/2016 09:40,201610,201510,London Area Airports,SOUTHEND,JERSEY,2441,2441,0,2441,2441,0,0
23/12/2016 09:40,201610,201510,London Area Airports,STANSTED,BELFAST INTERNATIONAL,30132,30132,0,30443,30443,0,-1.02158
23/12/2016 09:40,201610,201510,London Area Airports,STANSTED,BOURNEMOUTH,0,0,0,177,0,177,-100
23/12/2016 09:40,201610,201510,London Area Airports,STANSTED,CARDIFF WALES,0,0,0,78,0,78,-100
23/12/2016 09:40,201610,201510,London Area Airports,STANSTED,CITY OF DERRY (EGLINTON),9528,9528,0,11562,11562,0,-17.59211
23/12/2016 09:40,201610,201510,London Area Airports,STANSTED,DUNDEE,1822,1822,0,2050,2050,0,-11.12195
23/12/2016 09:40,201610,201510,London Area Airports,STANSTED,EDINBURGH,75076,75076,0,58094,58094,0,29.23193
23/12/2016 09:40,201610,201510,London Area Airports,STANSTED,GLASGOW,58124,58124,0,51432,51432,0,13.01135
23/12/2016 09:40,201610,201510,London Area Airports,STANSTED,GUERNSEY,2461,2461,0,2158,2158,0,14.04078
23/12/2016 09:40,201610,201510,London Area Airports,STANSTED,ISLE OF MAN,0,0,0,4562,4562,0,-100
23/12/2016 09:40,201610,201510,London Area Airports,STANSTED,NEWCASTLE,0,0,0,3474,3474,0,-100
23/12/2016 09:40,201610,201510,London Area Airports,STANSTED,NEWQUAY,2611,2611,0,0,0,0,0
23/12/2016 09:40,201610,201510,Other Reporting Airports,STORNOWAY,ABERDEEN,445,445,0,416,416,0,6.97115
23/12/2016 09:40,201610,201510,Other Reporting Airports,STORNOWAY,BENBECULA,466,466,0,576,576,0,-19.09722
23/12/2016 09:40,201610,201510,Other Reporting Airports,STORNOWAY,EDINBURGH,2001,2001,0,1664,1664,0,20.2524
23/12/2016 09:40,201610,201510,Other Reporting Airports,STORNOWAY,GLASGOW,6230,6230,0,5850,5850,0,6.49573
23/12/2016 09:40,201610,201510,Other Reporting Airports,STORNOWAY,INVERNESS,2702,2702,0,2519,2519,0,7.26479
23/12/2016 09:40,201610,201510,Other Reporting Airports,SUMBURGH,ABERDEEN,6922,6922,0,16200,7168,9032,-57.2716
23/12/2016 09:40,201610,201510,Other Reporting Airports,SUMBURGH,EDINBURGH,3964,3964,0,4144,4144,0,-4.34363
23/12/2016 09:40,201610,201510,Other Reporting Airports,SUMBURGH,FAIR ISLE,15,15,0,0,0,0,0
23/12/2016 09:40,201610,201510,Other Reporting Airports,SUMBURGH,GLASGOW,2944,2944,0,2850,2850,0,3.29825
23/12/2016 09:40,201610,201510,Other Reporting Airports,SUMBURGH,INVERNESS,369,369,0,360,360,0,2.5
23/12/2016 09:40,201610,201510,Other Reporting Airports,SUMBURGH,KIRKWALL,1680,1680,0,1745,1745,0,-3.72493
23/12/2016 09:40,201610,201510,Other Reporting Airports,TIREE,GLASGOW,712,712,0,782,782,0,-8.95141
23/12/2016 09:40,201610,201510,Other Reporting Airports,WICK JOHN O GROATS,ABERDEEN,493,493,0,828,828,0,-40.45894
23/12/2016 09:40,201610,201510,Other Reporting Airports,WICK JOHN O GROATS,EDINBURGH,1013,1013,0,930,930,0,8.92473
